name,
"Jacob"
"Michael"
"Ethan"
"Joshua"
"Daniel"
"Alexander"
"Anthony"
"William"
"Christopher"
"Matthew"
"Jayden"
"Andrew"
"Joseph"
"David"
"Noah"
"Aiden"
"James"
"Ryan"
"Logan"
"John"
"Nathan"
"Elijah"
"Christian"
"Gabriel"
"Benjamin"
"Jonathan"
"Tyler"
"Samuel"
"Nicholas"
"Gavin"
"Dylan"
"Jackson"
"Brandon"
"Caleb"
"Mason"
"Angel"
"Isaac"
"Evan"
"Jack"
"Kevin"
"Jose"
"Isaiah"
"Luke"
"Landon"
"Justin"
"Lucas"
"Zachary"
"Jordan"
"Robert"
"Aaron"
"Brayden"
"Thomas"
"Cameron"
"Hunter"
"Austin"
"Adrian"
"Connor"
"Owen"
"Aidan"
"Jason"
"Julian"
"Wyatt"
"Charles"
"Luis"
"Carter"
"Juan"
"Chase"
"Diego"
"Jeremiah"
"Brody"
"Xavier"
"Adam"
"Carlos"
"Sebastian"
"Liam"
"Hayden"
"Nathaniel"
"Henry"
"Jesus"
"Ian"
"Tristan"
"Bryan"
"Sean"
"Cole"
"Alex"
"Eric"
"Brian"
"Jaden"
"Carson"
"Blake"
"Ayden"
"Cooper"
"Dominic"
"Brady"
"Caden"
"Josiah"
"Kyle"
"Colton"
"Kaden"
"Eli"
"Miguel"
"Antonio"
"Parker"
"Steven"
"Alejandro"
"Riley"
"Richard"
"Timothy"
"Devin"
"Jesse"
"Victor"
"Jake"
"Joel"
"Colin"
"Kaleb"
"Bryce"
"Levi"
"Oliver"
"Oscar"
"Vincent"
"Ashton"
"Cody"
"Micah"
"Preston"
"Marcus"
"Max"
"Patrick"
"Seth"
"Jeremy"
"Peyton"
"Nolan"
"Ivan"
"Damian"
"Maxwell"
"Alan"
"Kenneth"
"Jonah"
"Jorge"
"Mark"
"Giovanni"
"Eduardo"
"Grant"
"Collin"
"Gage"
"Omar"
"Emmanuel"
"Trevor"
"Edward"
"Ricardo"
"Cristian"
"Nicolas"
"Kayden"
"George"
"Jaxon"
"Paul"
"Braden"
"Elias"
"Andres"
"Derek"
"Garrett"
"Tanner"
"Malachi"
"Conner"
"Fernando"
"Cesar"
"Javier"
"Miles"
"Jaiden"
"Alexis"
"Leonardo"
"Santiago"
"Francisco"
"Cayden"
"Shane"
"Edwin"
"Hudson"
"Travis"
"Bryson"
"Erick"
"Jace"
"Hector"
"Josue"
"Peter"
"Jaylen"
"Mario"
"Manuel"
"Abraham"
"Grayson"
"Damien"
"Kaiden"
"Spencer"
"Stephen"
"Edgar"
"Wesley"
"Shawn"
"Trenton"
"Jared"
"Jeffrey"
"Landen"
"Johnathan"
"Bradley"
"Braxton"
"Ryder"
"Camden"
"Roman"
"Asher"
"Brendan"
"Maddox"
"Sergio"
"Israel"
"Andy"
"Lincoln"
"Erik"
"Donovan"
"Raymond"
"Avery"
"Rylan"
"Dalton"
"Harrison"
"Andre"
"Martin"
"Keegan"
"Marco"
"Jude"
"Sawyer"
"Dakota"
"Leo"
"Calvin"
"Kai"
"Drake"
"Troy"
"Zion"
"Clayton"
"Roberto"
"Zane"
"Gregory"
"Tucker"
"Rafael"
"Kingston"
"Dominick"
"Ezekiel"
"Griffin"
"Devon"
"Drew"
"Lukas"
"Johnny"
"Ty"
"Pedro"
"Tyson"
"Caiden"
"Mateo"
"Braylon"
"Cash"
"Aden"
"Chance"
"Taylor"
"Marcos"
"Maximus"
"Ruben"
"Emanuel"
"Simon"
"Corbin"
"Brennan"
"Dillon"
"Skyler"
"Myles"
"Xander"
"Jaxson"
"Dawson"
"Kameron"
"Kyler"
"Axel"
"Colby"
"Jonas"
"Joaquin"
"Payton"
"Brock"
"Frank"
"Enrique"
"Quinn"
"Emilio"
"Malik"
"Grady"
"Angelo"
"Julio"
"Derrick"
"Raul"
"Fabian"
"Corey"
"Gerardo"
"Dante"
"Ezra"
"Armando"
"Allen"
"Theodore"
"Gael"
"Amir"
"Zander"
"Adan"
"Maximilian"
"Randy"
"Easton"
"Dustin"
"Luca"
"Phillip"
"Julius"
"Charlie"
"Ronald"
"Jakob"
"Cade"
"Brett"
"Trent"
"Silas"
"Keith"
"Emiliano"
"Trey"
"Jalen"
"Darius"
"Lane"
"Jerry"
"Jaime"
"Scott"
"Graham"
"Weston"
"Braydon"
"Anderson"
"Rodrigo"
"Pablo"
"Saul"
"Danny"
"Donald"
"Elliot"
"Brayan"
"Dallas"
"Lorenzo"
"Casey"
"Mitchell"
"Alberto"
"Tristen"
"Rowan"
"Jayson"
"Gustavo"
"Aaden"
"Amari"
"Dean"
"Braeden"
"Declan"
"Chris"
"Ismael"
"Dane"
"Louis"
"Arturo"
"Brenden"
"Felix"
"Jimmy"
"Cohen"
"Tony"
"Holden"
"Reid"
"Abel"
"Bennett"
"Zackary"
"Arthur"
"Nehemiah"
"Ricky"
"Esteban"
"Cruz"
"Finn"
"Mauricio"
"Dennis"
"Keaton"
"Albert"
"Marvin"
"Mathew"
"Larry"
"Moises"
"Issac"
"Philip"
"Quentin"
"Curtis"
"Greyson"
"Jameson"
"Everett"
"Jayce"
"Darren"
"Elliott"
"Uriel"
"Alfredo"
"Hugo"
"Alec"
"Jamari"
"Marshall"
"Walter"
"Judah"
"Jay"
"Lance"
"Beau"
"Ali"
"Landyn"
"Yahir"
"Phoenix"
"Nickolas"
"Kobe"
"Bryant"
"Maurice"
"Russell"
"Leland"
"Colten"
"Reed"
"Davis"
"Joe"
"Ernesto"
"Desmond"
"Kade"
"Reece"
"Morgan"
"Ramon"
"Rocco"
"Orlando"
"Ryker"
"Brodie"
"Paxton"
